email,password
batch1@mail.tm,pass
batch2@mail.tm,pass
batch3@mail.tm,pass
batch4@mail.tm,pass
batch5@mail.tm,pass
batch6@mail.tm,pass
batch7@mail.tm,pass
batch8@mail.tm,pass
batch9@mail.tm,pass
batch10@mail.tm,pass
batch11@mail.tm,pass
batch12@mail.tm,pass
batch13@mail.tm,pass
batch14@mail.tm,pass
batch15@mail.tm,pass
batch16@mail.tm,pass
batch17@mail.tm,pass
batch18@mail.tm,pass
batch19@mail.tm,pass
batch20@mail.tm,pass
batch21@mail.tm,pass
batch22@mail.tm,pass
batch23@mail.tm,pass
batch24@mail.tm,pass
batch25@mail.tm,pass
batch26@mail.tm,pass
batch27@mail.tm,pass
batch28@mail.tm,pass
batch29@mail.tm,pass
batch30@mail.tm,pass
batch31@mail.tm,pass
batch32@mail.tm,pass
batch33@mail.tm,pass
batch34@mail.tm,pass
batch35@mail.tm,pass
batch36@mail.tm,pass
batch37@mail.tm,pass
batch38@mail.tm,pass
batch39@mail.tm,pass
batch40@mail.tm,pass
batch41@mail.tm,pass
batch42@mail.tm,pass
batch43@mail.tm,pass
batch44@mail.tm,pass
batch45@mail.tm,pass
batch46@mail.tm,pass
batch47@mail.tm,pass
batch48@mail.tm,pass
batch49@mail.tm,pass
batch50@mail.tm,pass
batch51@mail.tm,pass
batch52@mail.tm,pass
batch53@mail.tm,pass
batch54@mail.tm,pass
batch55@mail.tm,pass
batch56@mail.tm,pass
batch57@mail.tm,pass
batch58@mail.tm,pass
batch59@mail.tm,pass
batch60@mail.tm,pass
batch61@mail.tm,pass
batch62@mail.tm,pass
batch63@mail.tm,pass
batch64@mail.tm,pass
batch65@mail.tm,pass
batch66@mail.tm,pass
batch67@mail.tm,pass
batch68@mail.tm,pass
batch69@mail.tm,pass
batch70@mail.tm,pass
batch71@mail.tm,pass
batch72@mail.tm,pass
batch73@mail.tm,pass
batch74@mail.tm,pass
batch75@mail.tm,pass
batch76@mail.tm,pass
batch77@mail.tm,pass
batch78@mail.tm,pass
batch79@mail.tm,pass
batch80@mail.tm,pass
batch81@mail.tm,pass
batch82@mail.tm,pass
batch83@mail.tm,pass
batch84@mail.tm,pass
batch85@mail.tm,pass
batch86@mail.tm,pass
batch87@mail.tm,pass
batch88@mail.tm,pass
batch89@mail.tm,pass
batch90@mail.tm,pass
batch91@mail.tm,pass
batch92@mail.tm,pass
batch93@mail.tm,pass
batch94@mail.tm,pass
batch95@mail.tm,pass
batch96@mail.tm,pass
batch97@mail.tm,pass
batch98@mail.tm,pass
batch99@mail.tm,pass
batch100@mail.tm,pass
